{"cameraMode":{"drawMode":0,"name":"Shaded","section":"Shading Mode"},"sceneLighting":false,"audioPlay":false,"sceneViewState":{"m_AlwaysRefresh":false,"showFog":true,"showSkybox":false,"showFlares":true,"showImageEffects":true,"showParticleSystems":true,"showVisualEffectGraphs":true,"m_FxEnabled":true},"in2DMode":false,"pivot":{"x":0.0009255409240722656,"y":0.018279969692230226,"z":0.006182193756103516},"rotation":{"x":-0.3384759724140167,"y":-0.010730997659265995,"z":0.003848609048873186,"w":-0.940937876701355},"size":6.011044025421143,"orthographic":false}