{"cameraMode":{"drawMode":0,"name":"Shaded","section":"Shading Mode"},"sceneLighting":false,"audioPlay":false,"sceneViewState":{"m_AlwaysRefresh":false,"showFog":true,"showSkybox":false,"showFlares":true,"showImageEffects":true,"showParticleSystems":true,"showVisualEffectGraphs":true,"m_FxEnabled":true},"in2DMode":false,"pivot":{"x":0.002418994903564453,"y":-0.008819401264190674,"z":-0.0027213096618652345},"rotation":{"x":-0.25296536087989809,"y":0.6610027551651001,"z":-0.2535786032676697,"w":-0.6594185829162598},"size":6.011044025421143,"orthographic":false}