{"cameraMode":{"drawMode":0,"name":"Shaded","section":"Shading Mode"},"sceneLighting":false,"audioPlay":false,"sceneViewState":{"m_AlwaysRefresh":false,"showFog":true,"showSkybox":false,"showFlares":true,"showImageEffects":true,"showParticleSystems":true,"showVisualEffectGraphs":true,"m_FxEnabled":true},"in2DMode":false,"pivot":{"x":-0.2999800443649292,"y":1.2739118337631226,"z":-0.7649773359298706},"rotation":{"x":-0.03201930224895477,"y":-0.8275378346443176,"z":0.047493912279605868,"w":-0.5585424900054932},"size":1.3501825332641602,"orthographic":false}