{"cameraMode":{"drawMode":0,"name":"Shaded","section":"Shading Mode"},"sceneLighting":false,"audioPlay":false,"sceneViewState":{"m_AlwaysRefresh":false,"showFog":true,"showSkybox":false,"showFlares":true,"showImageEffects":true,"showParticleSystems":true,"showVisualEffectGraphs":true,"m_FxEnabled":true},"in2DMode":false,"pivot":{"x":0.06630051136016846,"y":-0.24019646644592286,"z":-2.8416318893432619},"rotation":{"x":-0.11892498284578324,"y":0.8413566946983337,"z":-0.20616739988327027,"w":-0.48530545830726626},"size":6.011044025421143,"orthographic":false}