{"cameraMode":{"drawMode":0,"name":"Shaded","section":"Shading Mode"},"sceneLighting":false,"audioPlay":false,"sceneViewState":{"m_AlwaysRefresh":false,"showFog":true,"showSkybox":false,"showFlares":true,"showImageEffects":true,"showParticleSystems":true,"showVisualEffectGraphs":true,"m_FxEnabled":true},"in2DMode":false,"pivot":{"x":-0.012874126434326172,"y":0.6331307291984558,"z":-0.03532767295837402},"rotation":{"x":-0.23071475327014924,"y":-0.005256060045212507,"z":0.0012428804766386748,"w":-0.9730339050292969},"size":3.5257503986358644,"orthographic":false}